2020-08-06_413,warning
2020-08-06_423,warning
2020-08-06_433,warning
2020-08-06_443,warning
2020-08-06_453,warning
2020-08-06_463,warning
2020-08-06_473,warning
2020-08-06_483,warning
2020-08-06_493,warning
2020-08-06_503,warning
2020-08-06_513,warning
2020-08-06_523,warning
2020-08-06_533,warning
2020-08-06_543,warning
2020-08-06_553,warning
2020-08-06_563,warning
2020-08-06_573,warning
2020-08-06_583,warning
2020-08-06_593,warning
2020-08-06_603,warning
2020-08-06_613,warning
2020-08-06_623,warning
2020-08-06_633,warning
2020-08-06_643,warning
2020-08-06_653,warning
2020-08-06_663,warning
2020-08-06_673,warning
2020-08-06_683,warning
2020-08-06_13457,warning
2020-08-06_13467,warning
2020-08-06_13477,warning
2020-08-06_13487,warning
2020-08-06_13497,warning
2020-08-06_13507,warning
2020-08-06_13517,warning
2020-08-06_13527,warning
2020-08-06_13537,warning
2020-08-06_13547,warning
2020-08-06_13557,warning
2020-08-06_13567,warning
2020-08-06_13711,warning
2020-08-06_13721,warning
2020-08-06_13731,warning
2020-08-06_13741,warning
2020-08-06_13751,warning
2020-08-06_13761,warning
2020-08-06_13771,warning
2020-08-06_13781,warning
2020-08-06_14060,warning
2020-08-06_14070,warning
2020-08-06_14080,warning
2020-08-06_14090,warning
2020-08-06_14100,warning
2020-08-06_14110,warning
2020-08-06_14120,warning
2020-08-06_14130,warning
2020-08-06_14140,warning
2020-08-06_14150,warning
2020-08-06_14160,warning
2020-08-06_14170,warning
2020-08-06_14180,warning
2020-08-06_14190,warning
2020-08-06_14200,warning
2020-08-06_14210,warning
2020-08-06_14220,warning
2020-08-06_14230,warning
2020-08-06_14240,warning
